ICP_diff,public and private cloud,public and private clouds,,,,,
ICP_diff,public cloud,public,,,,,
ICP_diff,private cloud,private,,,,,
ICP_diff,cloud models,cloud deloyment model,cloud model,cloud deloyment models,,,
ICP_diff,IBM Cloud Private for data,IBM ICPD,ICPforData,icpfordata,ICP for data,,
Docker,docker open source,docker OS,,,,,
Docker,docker,dockers,,,,,
Container,containers,container,,,,,
Docker,docker and containers,docker and container,dockers and containers,dockers and containers,,,
Docker,dockerfile,docker file,docker files,,,,
ICP_Data,capbabilities,,,,,,
ICP_Data,offerings,offer,offerings,,,,
ICP,data services,data service ,,,,,
ICP_Data,Db2,DB2,,,,,
ICP_Data_Price,get paid,have to pay,,,,,
ICP_Data,customers,clients,,,,,
ICP_Data,Watson studio,watson platform,data science experience,,,,
ICP,data open source,data services open source,data OS,,,,
ICP_Data,data sources,data source,,,,,
ICP_Data,ICP in ICP for Data,ICP with ICP for Data,IBM ICP in ICP for Data,IBM ICP with IBM ICP for Data,,,
ICP_Data_Price,price and package,pricing,,,,,
defination,ICP mean,IBM Cloud Private mean,IBM ICP mean,,,,
defination,ICPD mean,IBM Cloud Private for data mean,IBM ICPD,ICPforData mean,ICP for data mean,,
ICP,capbabilities,,,,,,
ICP,start,starter-plan,starter,,,,
ICP_Price,ICP free,IBM ICP free,,,,,
ICP,builder edition,community edition,,,,,
ICP,edition,,,,,,
Container,difference between microservice and containers,difference between microservices and containers,difference between microservices and container,microservices versus containers,learn more,,
Microservices,microservice,monolithic and microservice,,,,,
Container,containers and vm,containers and virtual machine,container and vm,,,,
Microservices,architecture,,,,,,
Microservices,monolithic,,,,,,
ICP,technology,built-on,open source,,,,
ICP,install,download,install,use,,,
ICP,cloud native,cloud-native,,,,,
ICP,hadoop,,,,,,
ICP,open source,open sources,,,,,
ICP,bundle with ICP,comes with ICP,bundled with ICP,,,,
ICP_Data,use cases,use-cases,use case,,,,
ICP_Data,data sciencist,data science,,,,,
ICP_Data,data engineer,data engineers,,,,,
ICP_Data,data steward,data stewards,,,,,
ICP_Data,system administrator,sys admin,system admin,,,,
ICP_Data,use personas,use persona,user personas,user persona,,,
Kubernetes,kubernetes,kubernets,,,,,
Container,cluster,clusters,,,,,
Kubernetes,pods,pod,,,,,
Kubernetes,nodes,node,,,,,
Helm,helm ,,,,,,
Helm,helm chart,helm charts,,,,,
ICP_Data,ICP for data,IBM Cloud Private for data ,IBM ICPD,ICPforData ,ICP for data ,,
Docker,docker,dockers,,,,,
ICP,ICP,IBM Cloud Private,IBM ICP,,,,
Kubernetes,kubernetes,kubernets,,,,,
Microservices,microservices,microservice,,,,,
Online_Courses,courses on ICP,course on ICP,course about ICP,courses about ICP,ICP courses,ICP course,
Online_Courses,courses on ICP for data,course on ICP for data,course about ICP for data,courses about ICP for data,courses about ICPD,ICP for data courses,ICP for data course
Online_Courses,courses on docker,course on dockers,docker courses,docker course,courses on docker,courses on dockers,
Online_Courses,courses on containers,course on container,container courses,conttainer course,,,
Online_Courses,courses on Kubernetes,Kubernets courses,Kuberenetes courses,Kubernetes courses,,,
Enablement,ICP for data enablement,Enablement on ICP for data,Enablement on ICPD,Enablement on IBM ICP for data,Enablement on IBM Cloud Private for data,,
Enablement,ICP enablement,Enablement on ICP ,Enablement on IBM Cloud Private,ICP enablements,,,
ICP_Data,community edition,builder edition,builder editions,community editions,starter edition,,
ICP_Data,enterprise edition,enterprise editions,,,,,
ICP_Data,cloud native edition,cloud-native edition,cloud-native,cloud native,,,
ICP_Data,edition,editions,,,,,
ICP_Data,redhat partnership,red-hat partnership,open shift red-hat partnership,open shift red hat ,,,
,,,,,,,
,,,,,,,
,,,,,,,
,,,,,,,
,,,,,,,
,,,,,,,
,,,,,,,
,,,,,,,
,,,,,,,
,,,,,,,
,,,,,,,
,,,,,,,
,,,,,,,
,,,,,,,
,,,,,,,
,,,,,,,
,,,,,,,
,,,,,,,
,,,,,,,
,,,,,,,
,,,,,,,